1;81.8656;
2;85.6783;
3;84.3548;
4;87.0097;
5;93.3639;
6;85.2746;
7;83.7697;
8;83.1936;
9;92.9077;
10;84.3594;
11;93.3333;
12;85.9541;
13;94.9969;
14;84.3313;
15;83.4219;
16;92.059;
17;89.4254;
18;78.8187;
19;86.7394;
20;97.4349;
21;84.9344;
22;85.6952;
23;92.4871;
24;92.3873;
25;79.4806;
26;86.61;
27;89.394;
28;85.3492;
29;86.4176;
30;88.3941;
31;81.8459;
32;91.3452;
33;87.2758;
34;95.3385;
35;93.0921;
36;88.0892;
37;96.2089;
38;88.1382;
39;95.282;
40;86.6794;
41;81.3661;
42;83.3477;
43;84.7791;
44;89.5354;
45;86.9015;
46;88.4;
47;84.9742;
48;83.2514;
49;87.6;
50;87.6861;
51;90.8909;
52;91.9692;
53;86.9281;
54;92.5967;
55;87.3206;
56;85.6875;
57;92.9042;
58;83.3219;
59;84.2281;
60;89.69;
61;84.11;
62;84.819;
63;87.7625;
64;81.8375;
65;82.3873;
66;84.6418;
67;81.6968;
68;92.9905;
69;84.0725;
70;83.25;
71;80.0635;
72;80.5556;
73;87.4437;
74;90.7581;
75;88.4554;
76;92.1233;
77;89.071;
78;77.0525;
79;84.3903;
80;87.7672;
81;87.3582;
82;89.3194;
83;86.6295;
84;88.74;
85;87.3206;
86;85.2338;
87;83.194;
88;96.0094;
89;86.7015;
90;87.2031;
91;89.1123;
92;86.9;
93;91.75;
94;85.1687;
95;89.8677;
96;84.4923;
97;85.5143;
98;85.0656;
99;86.4;
100;89.7152;
101;83.4462;
102;84.9524;
103;97.3875;
104;87.3569;
105;90.8219;
106;87.6484;
107;90.775;
108;88.3606;
109;86.3562;
110;83.1569;
111;91.5333;
112;83.6656;
113;85.4889;
114;94.0762;
115;86.9587;
116;90.5;
117;89.4656;
118;81.4903;
119;82.6485;
120;87.9097;
121;92.2237;
122;83.7049;
123;81.1936;
124;84.654;
125;80.7206;
126;92.2182;
127;91.5429;
128;83.4742;
129;83.3556;
130;91.6215;
131;89.7182;
132;87.2149;
133;89.5692;
134;83.3063;
135;87.2923;
136;84.2344;
137;91.8862;
138;87.9129;
139;88.1258;
140;87.2349;
141;87.6571;
142;86.6716;
143;94.1016;
144;87.7788;
145;83.6344;
146;90.0635;
147;85.9354;
148;84.9;
149;83.5415;
150;89.4375;
151;87.0119;
152;78.8267;
153;84.6686;
154;91.0406;
155;87.6441;
156;87.6562;
157;88.0813;
158;87.4095;
159;80.3903;
160;83.9718;
161;84.7841;
162;83.8333;
163;88.7522;
164;89.5821;
165;80.8;
166;85.0339;
167;83.1877;
168;95.24;
169;86.2613;
170;89.3281;
171;88.9463;
172;91.9061;
173;88.4125;
174;95.2657;
175;84.2406;
176;86.6937;
177;88.7292;
178;95.1942;
179;86.8431;
180;90.0563;
181;83.7767;
182;80.3406;
183;89.6032;
184;86.8;
185;88.3016;
186;84.85;
187;88.8625;
188;87.2508;
189;87.0369;
190;81.1032;
191;90.1839;
192;88.1049;
193;92.44;
194;89.7258;
195;94.8469;
196;88.57;
197;92.8;
198;90.5588;
199;83.1403;
200;88.4788;
201;81.7656;
202;85.7129;
203;85.6375;
204;85.4698;
205;82.8667;
206;86.3082;
207;91.6089;
208;91.3364;
209;94.141;
210;93.0123;
211;88.525;
212;95.1323;
213;87.6369;
214;90.7175;
215;85.171;
216;98.9719;
217;87.8697;
218;87.0344;
219;83.5788;
220;85.9934;
221;85.5373;
222;85.0677;
223;84.082;
224;83.5125;
225;84.0136;
226;91.95;
227;90.7548;
228;87.2788;
229;88.375;
230;83.3385;
231;95.9;
232;83.7242;
233;89.325;
234;82.341;
235;83.4435;
236;77.5377;
237;88.4698;
238;93.8523;
239;84.4774;
240;83.7672;
241;93.04;
242;88.1194;
243;82.0918;
244;86.2985;
245;88.4594;
246;79.5354;
247;92.1742;
248;97.2923;
249;91.9688;
250;92.7548;
251;90.2467;
252;86.9774;
253;82.5719;
254;90.1231;
255;87.6825;
256;88.2508;
257;88.9791;
258;94.127;
259;94.3625;
260;88.1031;
261;92.3936;
262;87.8094;
263;84.6936;
264;96.0813;
265;85.8687;
266;82.6129;
267;83.146;
268;91.029;
269;90.2645;
270;87.791;
271;88.7548;
272;83.4033;
273;85.2738;
274;80.3936;
275;85.5213;
276;85.2525;
277;81.4323;
278;85.2338;
279;86.4235;
280;88.6464;
281;87;
282;89.6212;
283;91.0667;
284;86.9719;
285;89.6029;
286;91.5046;
287;96.2452;
288;90.7967;
289;85.6968;
290;89.6537;
291;84.8918;
292;88.0892;
293;80.3562;
294;91.3187;
295;93.1803;
296;85.0636;
297;83.2375;
298;86.8369;
299;86.5971;
300;95.3507;
301;85.3908;
302;86.6708;
303;85.1613;
304;87.273;
305;90.2032;
306;87.9569;
307;91.429;
308;87.5969;
309;84.1937;
310;94.7014;
311;87.7257;
312;89.5212;
313;85.4355;
314;88.9097;
315;85.8226;
316;86.5281;
317;86.8615;
318;87.8507;
319;88.2727;
320;87.9082;
321;89.3311;
322;87.1515;
323;86.181;
324;88.3531;
325;82.1613;
326;88.9781;
327;91.3562;
328;96.3242;
329;88.3;
330;80.3803;
331;85.0727;
332;96.6646;
333;85.5815;
334;87.1968;
335;86.5743;
336;85.2778;
337;85.5246;
338;92.5231;
339;82.2839;
340;89.6954;
341;95.9046;
342;82.8127;
343;93.9723;
344;87.4355;
345;87.3683;
346;87.5905;
347;88.3313;
348;80.8317;
349;88.9032;
350;82.5548;
351;86.0262;
352;87.8889;
353;95.4281;
354;90.6179;
355;84.9871;
356;86.259;
357;83.0787;
358;86.7394;
359;90.1242;
360;83.4308;
361;86.3143;
362;82.2857;
363;89.6355;
364;89.2968;
365;89.1851;
366;84.8123;
367;85.8984;
368;89.8839;
369;85.546;
370;89.7514;
371;82.741;
372;85.0281;
373;82.1714;
374;88.5968;
375;82.7387;
376;87.8246;
377;82.3841;
378;86.0471;
379;81.4554;
380;83.8847;
381;82.6154;
382;91.0885;
383;85.6369;
384;96.4123;
385;85.4492;
386;91.2413;
387;88.9492;
388;90.5206;
389;86.6067;
390;93.9169;
391;83.6152;
392;83.1875;
393;84.7312;
394;87.191;
395;89.8328;
396;88.7429;
397;89.4063;
398;87.9522;
399;83.7075;
400;88.0687;
401;86.9582;
402;92.203;
403;92.1645;
404;83.8182;
405;90.4812;
406;85.6762;
407;86.2769;
408;92.611;
409;92.0533;
410;92.417;
411;87.4807;
412;82.6906;
413;84.9108;
414;85.3875;
415;84.5746;
416;87.9672;
417;83.9875;
418;83.7778;
419;87.7841;
420;81.8644;
421;91.7562;
422;88.0377;
423;94.8381;
424;95.2364;
425;87.127;
426;87.4952;
427;86.1839;
428;82.171;
429;86.9569;
430;85.8476;
431;89.7333;
432;84.8462;
433;90.1373;
434;85.93;
435;84.9344;
436;87.9645;
437;90.9705;
438;81.9111;
439;89.6597;
440;86.3545;
441;91.1138;
442;88.3873;
443;82.1905;
444;87.1788;
445;86.9702;
446;87.4066;
447;86.3903;
448;88.6677;
449;86.5391;
450;84.3246;
451;80.1333;
452;89.6716;
453;85.6312;
454;87;
455;88.5273;
456;89.381;
457;85.4903;
458;96.1175;
459;83.4548;
460;83.3912;
461;87.1079;
462;81.5548;
463;91.5387;
464;91.1302;
465;86.7333;
466;82.059;
467;84.0879;
468;87.6406;
469;85.85;
470;84.9143;
471;88.0179;
472;81.5125;
473;82.9774;
474;90.8384;
475;83.0344;
476;80.8381;
477;82.8857;
478;84.6774;
479;86.7967;
480;87.7246;
481;91.0058;
482;90.1129;
483;89.7719;
484;88.5467;
485;85.4467;
486;85.6508;
487;89.5419;
488;88.2095;
489;84.5175;
490;85.8185;
491;93.675;
492;88.7164;
493;89.0381;
494;83.8375;
495;93.0424;
496;84.3625;
497;89.4636;
498;82.4433;
499;99.175;
500;85.929;
501;82.4;
502;82.3935;
503;88.5065;
504;84.7094;
505;91.3969;
506;87.9303;
507;88.3262;
508;88.7719;
509;99.8955;
510;88.6125;
511;88.4317;
512;86.6875;
513;79.4889;
514;84.7273;
515;91.3169;
516;91.4923;
517;85.9094;
518;82.9913;
519;89.1934;
520;82.2923;
521;88.6452;
522;89.854;
523;86.5385;
524;81.9774;
525;90.6862;
526;84.8524;
527;85.3774;
528;80.0687;
529;90.4246;
530;84.32;
531;86.2127;
532;83.5778;
533;88.92;
534;88.5563;
535;86.4469;
536;91.3042;
537;83.1046;
538;88.5429;
539;89.8941;
540;89.8603;
541;85.3758;
542;89.6312;
543;81.3419;
544;83.7394;
545;85.3873;
546;92.7651;
547;81.6246;
548;82.7176;
549;95.0594;
550;85.8448;
551;87.9581;
552;83.2889;
553;89.6738;
554;82.4394;
555;95.4522;
556;82.146;
557;93.6912;
558;86.7936;
559;95.1178;
560;88.6;
561;86.4812;
562;79.6;
563;95.2156;
564;88.0646;
565;86.6092;
566;90.6788;
567;84.4677;
568;90.2;
569;85.2194;
570;91.5415;
571;92.6424;
572;89.654;
573;92.9187;
574;87.5433;
575;82.1429;
576;88.8431;
577;81.1788;
578;87.0985;
579;87.68;
580;85.5213;
581;91.4333;
582;88.8277;
583;94.1471;
584;83.329;
585;88.5057;
586;81.6431;
587;82.6852;
588;86.2338;
589;88.8706;
590;85.24;
591;82.7767;
592;86.2033;
593;86.2836;
594;91.6118;
595;83.6667;
596;81.8895;
597;83.3438;
598;85.8349;
599;83.4546;
600;87.3508;
601;82.7903;
602;85.5397;
603;99.4;
604;89.4867;
605;90.2364;
606;80.9613;
607;83.3242;
608;81.5382;
609;83.703;
610;82.2;
611;95.9433;
612;92.2899;
613;85.9016;
614;90.2194;
615;87.7469;
616;84.95;
617;83.0381;
618;85.5821;
619;88.8187;
620;85.8646;
621;81.7667;
622;83.7902;
623;85.3323;
624;88.3121;
625;89.0197;
626;92.9115;
627;87.7846;
628;92.2273;
629;91.5813;
630;83.5582;
631;90.4278;
632;85.4067;
633;87.2308;
634;86.4226;
635;90.7104;
636;85.8623;
637;87.1774;
638;93.1841;
639;82.5212;
640;86.2844;
641;95.7391;
642;96.0406;
643;85.7079;
644;94.4338;
645;82.3377;
646;93.7031;
647;82.175;
648;92.6635;
649;88.5625;
650;82.6222;
651;84.2444;
652;88.6971;
653;84.8419;
654;88.029;
655;85.2516;
656;80.3522;
657;84.6131;
658;79.7806;
659;86.8933;
660;94.67;
661;80.3788;
662;92.0886;
663;86.7774;
664;89.8769;
665;92.4063;
666;84.1555;
667;89.0188;
668;80.4254;
669;82.1933;
670;83.5311;
671;87.7175;
672;87.3781;
673;93.3738;
674;91.7344;
675;81.8455;
676;89;
677;88.4338;
678;85.0571;
679;83.0516;
680;85.6656;
681;90.8355;
682;96.0118;
683;88.8222;
684;84.9213;
685;85.7063;
686;88.1406;
687;79.8938;
688;85.88;
689;93.6925;
690;85.6156;
691;84.4179;
692;88.4516;
693;82.2156;
694;82.5836;
695;90.273;
696;87.2369;
697;80.8719;
698;83.7129;
699;85.1738;
700;85.9219;
701;91.9415;
702;89.82;
703;90.6164;
704;89.4516;
705;88.2169;
706;87.7046;
707;87.0939;
708;85.5194;
709;91.9594;
710;87.2476;
711;91.7385;
712;84.5524;
713;83.8903;
714;81.9029;
715;85.4806;
716;79.4727;
717;88.2209;
718;84.3156;
719;88.4485;
720;84.7705;
721;89.4548;
722;89.4788;
723;88.9477;
724;83.5121;
725;93.0031;
726;83.6615;
727;83.1687;
728;83.5032;
729;87.6657;
730;93.2925;
731;84.4938;
732;88.2781;
733;98.1738;
734;87.4765;
735;84.5226;
736;80.8985;
737;89.9971;
738;96.1588;
739;93.0667;
740;90.8794;
741;87.5143;
742;88.8375;
743;82.8613;
744;81.0754;
745;91.5138;
746;82.7594;
747;86.4313;
748;90.4892;
749;93.2969;
750;84.8455;
751;86.6844;
752;88.8508;
753;98.3788;
754;88.1613;
755;88.8462;
756;86.4516;
757;89.1344;
758;87.2647;
759;80.5;
760;91.4185;
761;88.0239;
762;83.5449;
763;83.8625;
764;91.2188;
765;90.9343;
766;82.1206;
767;86.9156;
768;91.5687;
769;89.1;
770;85.4852;
771;85.9094;
772;85.1433;
773;88.1552;
774;79.6806;
775;83.1933;
776;86.7938;
777;86.6708;
778;89.3015;
779;90.2159;
780;81.5194;
781;81.7839;
782;83.4656;
783;82.5167;
784;84.8098;
785;86.3531;
786;87.2836;
787;88.0185;
788;85.1581;
789;91.1046;
790;85.3343;
791;85.7449;
792;83.9169;
793;82.3968;
794;83.939;
795;90.6933;
796;94.4031;
797;89.8794;
798;90.771;
799;83.3061;
800;88.6923;
801;83.771;
802;87.8939;
803;86.4603;
804;78.673;
805;85.1908;
806;86.8909;
807;82.3226;
808;81.2742;
809;84.8317;
810;85.5188;
811;95.7104;
812;80.8545;
813;83.5449;
814;86.0476;
815;92.5613;
816;85.3194;
817;81.0857;
818;85.671;
819;86.0185;
820;88.2968;
821;89.5016;
822;82.8;
823;85.1613;
824;83.8;
825;82.8921;
826;86.7064;
827;94.4149;
828;94.6032;
829;84.2323;
830;92.4;
831;88.8889;
832;91.5323;
833;83.2603;
834;89.1676;
835;84.4338;
836;85.2857;
837;83.1873;
838;84.7938;
839;79.925;
840;84.8;
841;83.8921;
842;86.0484;
843;94.5645;
844;86.4727;
845;84.7934;
846;84.8788;
847;85.7909;
848;86.6469;
849;86.3108;
850;87.2328;
851;85.6179;
852;84.1194;
853;87.5161;
854;81.9182;
855;91.5188;
856;87.9714;
857;87.1683;
858;90.1723;
859;89.9062;
860;86.282;
861;81.3246;
862;92.3508;
863;90.9169;
864;81.2667;
865;91.1667;
866;90.0032;
867;85.819;
868;90.9714;
869;80.4209;
870;85.15;
871;89.4064;
872;89.6471;
873;89.025;
874;90.4067;
875;89;
876;85.882;
877;85.4303;
878;93.725;
879;88.197;
880;86.3226;
881;89.3048;
882;85.0985;
883;86.3681;
884;86.3138;
885;88.8286;
886;82.1902;
887;86.0841;
888;84.4097;
889;83.6226;
890;90.2984;
891;95.8418;
892;86.4719;
893;92.36;
894;85.0061;
895;87.3569;
896;84.7803;
897;83.3262;
898;90.225;
899;86.0328;
900;91.7061;
901;88.6687;
902;85.0892;
903;87.0258;
904;91.9573;
905;88.2917;
906;79.6889;
907;82.5631;
908;89.2523;
909;86.6969;
910;87.1258;
911;89.3508;
912;86.0492;
913;83.4875;
914;82.2;
915;88.4776;
916;83.92;
917;83.4563;
918;89.7935;
919;83.6697;
920;90.1587;
921;95.0455;
922;87.07;
923;85.3516;
924;91.8063;
925;86.5125;
926;81.1333;
927;88.0344;
928;86.5565;
929;79.4523;
930;84.1111;
931;87.0954;
932;92.7522;
933;90.3672;
934;85.2645;
935;83.7344;
936;85.8448;
937;88.2554;
938;87.7324;
939;88.5938;
940;88.84;
941;89.0708;
942;91.4824;
943;93.8063;
944;82.6;
945;84.3419;
946;88.7785;
947;89.6246;
948;86.3714;
949;79.9639;
950;88.0952;
951;87.6232;
952;83.1642;
953;83.9064;
954;87.4635;
955;89.746;
956;82.0133;
957;96.1937;
958;82.2254;
959;85.6333;
960;91.3905;
961;87.8121;
962;82.7397;
963;83.6;
964;92.623;
965;83.4129;
966;84.3;
967;86.9574;
968;86.8531;
969;86.0906;
970;87.3613;
971;83.7562;
972;95.0031;
973;82.8507;
974;81.6762;
975;99.1046;
976;92.6261;
977;84.9313;
978;93.127;
979;90.2294;
980;81.7443;
981;87.8603;
982;85.7;
983;89.1869;
984;80.8656;
985;82.7094;
986;90.171;
987;84.5016;
988;85.5738;
989;90.4812;
990;87.6879;
991;89.2861;
992;89.1969;
993;95.3406;
994;88.7529;
995;92.6164;
996;85.6308;
997;96.8119;
998;94.4;
999;89.7656;
1000;83.2954;
1001;85.3016;
1002;88.9636;
1003;85.0156;
1004;84.6423;
1005;90.873;
1006;82.0226;
1007;89.1742;
1008;83.7738;
1009;94.9905;
1010;83.8831;
1011;89.8185;
1012;85.3485;
1013;87.3556;
1014;86.7061;
1015;81.1;
1016;87.5014;
1017;82.1636;
1018;79.0774;
1019;91.2344;
1020;83.1968;
1021;81.1365;
1022;94.0921;
1023;83.5851;
1024;89.6742;
1025;88.2246;
1026;86.1364;
1027;86.4885;
1028;91.4762;
1029;87.3742;
1030;88.4603;
1031;84.5433;
1032;85.7968;
1033;85.5937;
1034;88.3292;
1035;80.3967;
1036;83.7323;
1037;92.6438;
1038;78.8576;
1039;88.971;
1040;88.3778;
1041;82.5143;
1042;87.8525;
1043;86.5323;
1044;80.8722;
1045;78.7937;
1046;81.2836;
1047;84.5524;
1048;86.2419;
1049;82.8095;
1050;88.3853;
1051;82.9758;
1052;85.4222;
1053;91.5969;
1054;93.3936;
1055;93.4865;
1056;91.0413;
1057;88.0625;
1058;82.0525;
1059;90.2478;
1060;83.2375;
1061;86.3844;
1062;83.125;
1063;85.9587;
1064;88.2;
1065;86.9492;
1066;90.9323;
1067;84.8985;
1068;81.0899;
1069;86.2507;
1070;84.9529;
1071;85.3906;
1072;94.5415;
1073;85.1969;
1074;86.5844;
1075;84.0533;
1076;85.7559;
1077;86.5967;
1078;84.729;
1079;82.8698;
1080;93.4585;
1081;82.429;
1082;94.0794;
1083;81.854;
1084;83.8839;
1085;82.9656;
1086;80.9594;
1087;90.073;
1088;86.3645;
1089;86.1206;
1090;84.7935;
1091;82.5651;
1092;82.5186;
1093;92.9169;
1094;91.9706;
1095;85.6286;
1096;87.3394;
1097;86.8313;
1098;89.4;
1099;83.4485;
1100;82.7746;
1101;83.9935;
1102;80.0742;
1103;87.9651;
1104;86.2413;
1105;83.5143;
1106;93.0455;
1107;88.8098;
1108;84.28;
1109;83.4156;
1110;84.625;
1111;81.2349;
1112;88.3187;
1113;83.0161;
1114;85.7188;
1115;85.8746;
1116;81.2438;
1117;87.3556;
1118;84.4125;
1119;85.0273;
1120;89.8677;
1121;82.5;
1122;91.1738;
1123;85.5;
1124;84.2286;
1125;84.7477;
1126;84.28;
1127;94.9104;
1128;87.6806;
1129;81.2;
1130;88.3086;
1131;85.9303;
1132;92.6375;
1133;91.0813;
1134;86.3524;
1135;88.6424;
1136;85.0323;
1137;92.9522;
1138;89.1455;
1139;91.8492;
1140;87.8121;
1141;85.3477;
1142;86.1065;
1143;84.4516;
1144;92.7452;
1145;86.9419;
1146;89.5446;
1147;83.9323;
1148;84.7524;
1149;86.87;
1150;87.6594;
1151;88.3412;
1152;91.0839;
1153;83.6635;
1154;82.1746;
1155;85.2706;
1156;88.14;
1157;92.0286;
1158;84.08;
1159;86.0394;
1160;83.8545;
1161;90.9206;
1162;87.9156;
1163;85.7967;
1164;83.8258;
1165;103.271;
1166;88.2032;
1167;84.1242;
1168;92.0696;
1169;87.5385;
1170;87.6857;
1171;81.5485;
1172;86.1477;
1173;82.1333;
1174;86.54;
1175;89.1125;
1176;87.5294;
1177;83.4852;
1178;81.5619;
1179;94.5148;
1180;85.9115;
1181;84.0492;
1182;82.9682;
1183;90.1403;
1184;96.1;
1185;85.1094;
1186;93.7812;
1187;88.341;
1188;85.8667;
1189;82.4437;
1190;92.0338;
1191;87.5344;
1192;85.781;
1193;84.4984;
1194;84.929;
1195;82.6;
1196;79.8313;
1197;84.9212;
1198;87.629;
1199;89.171;
1200;89.3869;
1201;84.7794;
1202;83.2097;
1203;94.6885;
1204;90.1161;
1205;98.4899;
1206;82.2349;
1207;86.5906;
1208;87.4484;
1209;83.4754;
1210;87.7077;
1211;88.2127;
1212;87.5662;
1213;82.7677;
1214;90.729;
1215;87.2063;
1216;87.6089;
1217;86.7182;
1218;86.4531;
1219;82.9062;
1220;79.6925;
1221;85.6312;
1222;84.4667;
1223;84.9938;
1224;93.8507;
1225;85.8984;
1226;86.6921;
1227;94.175;
1228;89.9692;
1229;86.8531;
1230;85.8031;
1231;85.1902;
1232;93.6091;
1233;86.1444;
1234;86.9111;
1235;86.8064;
1236;86.1097;
1237;89.1304;
1238;86.9387;
1239;85.2585;
1240;83.2746;
1241;85.2899;
1242;84.1469;
1243;86.2149;
1244;85.4355;
1245;82.1238;
1246;88.0413;
1247;84.8985;
1248;93.6635;
1249;87.7115;
1250;90.0548;
1251;83.0127;
1252;83.3719;
1253;87.7446;
1254;86.3015;
1255;79.8375;
1256;89.5576;
1257;84.5048;
1258;86.8065;
1259;81.04;
1260;86.0344;
1261;81.9905;
1262;89.9576;
1263;84.2754;
1264;80.2121;
1265;83.4159;
1266;84.6656;
1267;87.6936;
1268;95.3765;
1269;78.9836;
1270;82.5807;
1271;92.0338;
1272;84.1279;
1273;83.4493;
1274;81.0657;
1275;84.2889;
1276;84.7485;
1277;86.2209;
1278;83.5803;
1279;87.3048;
1280;84.5492;
1281;85.3429;
1282;83.8161;
1283;89.6698;
1284;89.7841;
1285;92.7677;
1286;83.5446;
1287;81.4478;
1288;82.7937;
1289;82.1354;
1290;83.4333;
1291;85.9844;
1292;82.6787;
1293;91.0571;
1294;93.7619;
1295;85.019;
1296;87.3294;
1297;81.2935;
1298;83.271;
1299;89.4635;
1300;83.8635;
1301;89.2839;
1302;80.9613;
1303;82.1443;
1304;87.8557;
1305;90.4787;
1306;83.9667;
1307;87.0469;
1308;95.6305;
1309;93.4328;
1310;91.771;
1311;83.6441;
1312;83.8377;
1313;82.0032;
1314;80.5581;
1315;91.2413;
1316;93.6267;
1317;84.9;
1318;83.0525;
1319;89.0774;
1320;88.0985;
1321;84.3672;
1322;82.0459;
1323;87.2533;
1324;86.3273;
1325;87.5061;
1326;86.5484;
1327;85.7362;
1328;94.5233;
1329;83.7606;
1330;91.0836;
1331;92.9546;
1332;78.0742;
1333;82.0444;
1334;95.475;
1335;87.48;
1336;89.4656;
1337;85.8317;
1338;88.4788;
1339;82.4426;
1340;83.5682;
1341;93.1875;
1342;84.5437;
1343;83.1695;
1344;87.6984;
1345;87.2419;
1346;83.7213;
1347;89.2179;
1348;82.4925;
1349;85.4387;
1350;90.3581;
1351;94.2469;
1352;85.5397;
1353;85.5841;
1354;84.1333;
1355;86.4476;
1356;83.8095;
1357;89.0676;
1358;87.9574;
1359;87.1485;
1360;84.7397;
1361;86.0677;
1362;88.3471;
1363;83.6156;
1364;82.6131;
1365;79.3879;
1366;80.6131;
1367;90.597;
1368;86.9323;
1369;82.1531;
1370;82.6433;
1371;85.9667;
1372;82.7839;
1373;85.95;
1374;81.3508;
1375;85.2677;
1376;86.1778;
1377;93.8984;
1378;88.8281;
1379;80.4063;
1380;87.7323;
1381;85.8313;
1382;87.7905;
1383;84.1656;
1384;81.92;
1385;84.2615;
1386;88.16;
1387;84.4;
1388;88.3233;
1389;83.8129;
1390;88.4154;
1391;89.6388;
1392;81.6921;
1393;89.9771;
1394;80.9246;
1395;88.1937;
1396;86.7065;
1397;90.9576;
1398;91.0476;
1399;80.829;
1400;90.4688;
1401;85.4273;
1402;81.7613;
1403;87.7778;
1404;88.1524;
1405;83.8914;
1406;86.6324;
1407;97.9182;
1408;84.429;
1409;88.7387;
1410;89.4545;
1411;87.5508;
1412;85.4794;
1413;84.0936;
1414;84.2774;
1415;91.9781;
1416;82.9873;
1417;83.6469;
1418;91.7594;
1419;78.3065;
1420;90.325;
1421;80.1968;
1422;92.5323;
1423;91.4866;
1424;87.1156;
1425;89.3788;
1426;86.4762;
1427;88.5846;
1428;83.3906;
1429;88.1242;
1430;81.3906;
1431;84.8585;
1432;87.0765;
1433;86.0952;
1434;83.9125;
1435;85.3016;
1436;88.3938;
1437;79.8645;
1438;82.1636;
1439;86.3333;
1440;82.4033;
1441;88.5619;
1442;86.5226;
1443;88.0125;
1444;85.3171;
1445;85.9467;
1446;84.5046;
1447;81.2254;
1448;82.4161;
1449;93.2381;
1450;92.0375;
1451;93.6448;
1452;92.0762;
1453;81.65;
1454;87.2344;
1455;89.7312;
1456;80.8032;
1457;79.5065;
1458;80.7031;
1459;88.3562;
1460;89.7333;
1461;89.1968;
1462;92.742;
1463;85.4123;
1464;83.459;
1465;84.1881;
1466;83.4875;
1467;88.181;
1468;80.4387;
1469;91.1469;
1470;96.1169;
1471;94.3284;
1472;89.9;
1473;85.8742;
1474;92.2133;
1475;85.4092;
1476;86.2667;
1477;81.2063;
1478;85.2308;
1479;86.0344;
1480;88.9719;
1481;83.9508;
1482;89.6613;
1483;88.6095;
1484;83.1387;
1485;86.1397;
1486;88.4094;
1487;85.8459;
1488;79.1548;
1489;89.8567;
1490;88.6952;
1491;97.2029;
1492;88.3313;
1493;84.629;
1494;88.1562;
1495;87.9323;
1496;85.4567;
1497;83.2328;
1498;91.871;
1499;89.594;
1500;82.6419;
1501;90.9292;
1502;85.8097;
1503;86.6197;
1504;87.5344;
1505;84.1971;
1506;83.6892;
1507;84.0097;
1508;84.77;
1509;86.0226;
1510;92.2149;
1511;91.8031;
1512;83.0581;
1513;94.1048;
1514;92.0127;
1515;81.8344;
1516;82.9187;
1517;83.0413;
1518;79.9016;
1519;88.9803;
1520;83.1613;
1521;87.7365;
1522;88.9478;
1523;86.7576;
1524;81.9683;
1525;87.4567;
1526;84.2131;
1527;86.8394;
1528;82.2188;
1529;89.1242;
1530;88.3015;
1531;86.7373;
1532;89.8239;
1533;89.3333;
1534;87.4688;
1535;82.0698;
1536;86.1415;
1537;94.9206;
1538;88.8762;
1539;95.7508;
1540;88.1322;
1541;92.1785;
1542;93.7167;
1543;91.654;
1544;89.2222;
1545;85.6369;
1546;86.6954;
1547;80.325;
1548;85.0879;
1549;90.7733;
1550;86.3258;
1551;85.3161;
1552;82.8452;
1553;82.3;
1554;87.1065;
1555;84.2689;
1556;86.9815;
1557;87.5933;
1558;86.2923;
1559;85.5046;
1560;86.8727;
1561;78.9206;
1562;89.4955;
1563;83.4419;
1564;78.4984;
1565;82.997;
1566;89.2969;
1567;83.7016;
1568;84.0125;
1569;89.6156;
1570;85.1139;
1571;84.9875;
1572;86.7365;
1573;87.0906;
1574;88.503;
1575;83.0254;
1576;83.7803;
1577;88.5273;
1578;86.0388;
1579;92.5651;
1580;85.329;
1581;91.76;
1582;83.2697;
1583;83.8393;
1584;88.8387;
1585;83.7452;
1586;83.7642;
1587;91.0576;
1588;88.9581;
1589;89.6621;
1590;81.1569;
1591;85.0094;
1592;92.0188;
1593;85.9303;
1594;82.4063;
1595;84.7844;
1596;94.5111;
1597;83.3231;
1598;88.7397;
1599;87.397;
1600;87.4629;
1601;82.8879;
1602;89.7903;
1603;84.3619;
1604;87.8677;
1605;82.2448;
1606;84.5441;
1607;94.8;
1608;90.913;
1609;81.9484;
1610;85.9031;
1611;80.4923;
1612;87.1841;
1613;90.3606;
1614;82.6333;
1615;82.7806;
1616;86.5446;
1617;84.1492;
1618;84.7238;
1619;88.4222;
1620;81.7079;
1621;81.206;
1622;87.6317;
1623;85.15;
1624;86.054;
1625;86.1382;
1626;82.8123;
1627;92.5606;
1628;80.4156;
1629;89.4629;
1630;85.1576;
1631;85.7938;
1632;82.6303;
1633;91.313;
1634;91.0667;
1635;83.9333;
1636;84.4406;
1637;85.0303;
1638;84.5433;
1639;91.5881;
1640;83.8625;
1641;82.0687;
1642;93.7455;
1643;81.9908;
1644;89.9262;
1645;87.5697;
1646;81.2613;
1647;85.8194;
1648;88.1936;
1649;86.5091;
1650;89.7913;
1651;81.3467;
1652;81.5516;
1653;82.7714;
1654;88.7727;
1655;85.5312;
1656;94.2688;
1657;82.575;
1658;91.2032;
1659;89.5;
1660;86.5028;
1661;81.8906;
1662;85.3701;
1663;84.4355;
1664;83.4647;
1665;84.4455;
1666;81.0781;
1667;83.0323;
1668;86.6032;
1669;89.0167;
1670;83.8794;
1671;85.4485;
1672;85.1273;
1673;91.3015;
1674;85.8066;
1675;84.0727;
1676;84.3908;
1677;89.0431;
1678;80.0092;
1679;89.8603;
1680;91.2;
1681;83.5516;
1682;89.6065;
1683;80.5219;
1684;84.0769;
1685;89.1397;
1686;88.5683;
1687;81.7049;
1688;85.8833;
1689;92.9355;
1690;84.1846;
1691;78.9064;
1692;84;
1693;89.5079;
1694;84.2119;
1695;85.8286;
1696;87.3672;
1697;89.023;
1698;85.6523;
1699;83.8185;
1700;88.225;
1701;90.1529;
1702;85.9536;
1703;83.5246;
1704;82.0531;
1705;85.0971;
1706;86.8;
1707;97.1875;
1708;89.3754;
1709;86.0097;
1710;90.997;
1711;88.3545;
1712;99.0952;
1713;85.1443;
1714;80.8508;
1715;80.2161;
1716;84.9406;
1717;82.4903;
1718;82.1774;
1719;85.5485;
1720;87.9548;
1721;87.1524;
1722;92.6971;
1723;88.6261;
1724;87.3261;
1725;87.1683;
1726;85.8063;
1727;87.1631;
1728;86.1484;
1729;87.2478;
1730;89.3803;
1731;85.8898;
1732;86.5818;
1733;81.3714;
1734;85.6831;
1735;85.8667;
1736;81.5968;
1737;83.3108;
1738;83.5968;
1739;81.2508;
1740;88.55;
1741;84.7111;
1742;90.2965;
1743;90.0625;
1744;82.3746;
1745;87.1791;
1746;85.5246;
1747;79.7587;
1748;88.0554;
1749;85.3;
1750;87.5048;
1751;85.597;
1752;83.127;
1753;85.5839;
1754;92.2328;
1755;82.7903;
1756;85.7677;
1757;84.0061;
1758;91.4062;
1759;84.2903;
1760;90.0406;
1761;87.5576;
1762;85.2066;
1763;85.4939;
1764;86.0831;
1765;89.8938;
1766;90.1344;
1767;87.254;
1768;81.6852;
1769;93.4369;
1770;92.9115;
1771;86.2229;
1772;82.2419;
1773;86.6656;
1774;80.7548;
1775;85.7091;
1776;87.4523;
1777;86.0277;
1778;81.9695;
1779;92.8441;
1780;91.5031;
1781;82.7115;
1782;84.3075;
1783;78.054;
1784;91.8954;
1785;92.8303;
1786;87.7531;
1787;100.551;
1788;89.4239;
1789;89.7091;
1790;89.1362;
1791;86.5492;
1792;86.4226;
1793;80.66;
1794;86.68;
1795;87.7556;
1796;86.4064;
1797;83.6269;
1798;88.2476;
1799;94.3438;
1800;91.4254;
1801;83.4885;
1802;86.6918;
1803;87.2955;
1804;80.6209;
1805;81.5524;
1806;85.86;
1807;81.278;
1808;80.7169;
1809;92.175;
1810;86.3873;
1811;87.6452;
1812;86.4769;
1813;95.6433;
1814;84.9559;
1815;84.8769;
1816;83.325;
1817;86.9463;
1818;84.2061;
1819;90.28;
1820;82.8635;
1821;83.2182;
1822;81.3016;
1823;89.3937;
1824;87.9794;
1825;88.8459;
1826;86.2522;
1827;87.5233;
1828;88.0853;
1829;83.4515;
1830;91.7815;
1831;86.6095;
1832;86.8667;
1833;84.2413;
1834;84.5639;
1835;81.5877;
1836;91.5213;
1837;82.9046;
1838;87.2312;
1839;88.0758;
1840;86.2794;
1841;84.4603;
1842;85.25;
1843;92.7129;
1844;88.8969;
1845;84.4262;
1846;85.9125;
1847;89.7065;
1848;84.5672;
1849;89.7688;
1850;86.4581;
1851;85.9846;
1852;84.0406;
1853;95.0125;
1854;82.991;
1855;84.7485;
1856;85.0308;
1857;87.7375;
1858;89.1565;
1859;92.4941;
1860;85.6781;
1861;85.2381;
1862;87.2727;
1863;84.2721;
1864;81.1967;
1865;86.4;
1866;83.2531;
1867;82.654;
1868;86.3175;
1869;80.17;
1870;89.1806;
1871;81.9394;
1872;81.8344;
1873;84.33;
1874;79.0742;
1875;86.2625;
1876;84.9;
1877;84;
1878;84.8833;
1879;85.6485;
1880;92.4431;
1881;81.577;
1882;85.654;
1883;91.7939;
1884;87.4123;
1885;88.1871;
1886;82.8426;
1887;86.4369;
1888;88.4852;
1889;84.0358;
1890;87.5354;
1891;86.3714;
1892;89.8;
1893;92.6866;
1894;86.0606;
1895;83.3364;
1896;86.8031;
1897;86.7831;
1898;79.7415;
1899;80.2667;
1900;82.4267;
1901;85.6152;
1902;82.7908;
1903;81.2603;
1904;81.5437;
1905;84.6419;
1906;84.0185;
1907;86.8613;
1908;85.2742;
1909;83.8187;
1910;83.5508;
1911;80.0716;
1912;83.9613;
1913;88.9344;
1914;86.2065;
1915;86.1839;
1916;81.5841;
1917;82.6063;
1918;81.6871;
1919;93.5662;
1920;80.0092;
1921;83.3898;
1922;82.8635;
1923;90.5848;
1924;87.1246;
1925;87.5118;
1926;84.6936;
1927;90.9841;
1928;86.3333;
1929;84.6925;
1930;84.1587;
1931;87.7574;
1932;87.0923;
1933;88.4571;
1934;86.5129;
1935;85.9873;
1936;83.0295;
1937;82.0853;
1938;85.1785;
1939;85.7284;
1940;83.5813;
1941;87.7143;
1942;84.1778;
1943;85.1969;
1944;88.4943;
1945;85.97;
1946;85.5333;
1947;85.3508;
1948;86.7587;
1949;81.8459;
1950;84.01;
1951;92.6164;
1952;89.5138;
1953;83.873;
1954;86.1161;
1955;86.1815;
1956;81.1524;
1957;84.6156;
1958;90.9082;
1959;82.5048;
1960;84.8826;
1961;88.1161;
1962;81.2125;
1963;79.9065;
1964;83.5194;
1965;86.0444;
1966;94.4;
1967;89.1446;
1968;94.7613;
1969;83.0581;
1970;83.9788;
1971;85.8889;
1972;82.3333;
1973;82.5774;
1974;85.4862;
1975;84.1313;
1976;88.5362;
1977;78.5778;
1978;80.1049;
1979;84.1344;
1980;89.3281;
1981;86.4814;
1982;84.225;
1983;88.6871;
1984;93.0062;
1985;87.8676;
1986;84.6;
1987;84.0774;
1988;81.2394;
1989;89.6794;
1990;80.7871;
1991;86.9258;
1992;88.3031;
1993;90.9651;
1994;78.2603;
1995;80.5467;
1996;84.8831;
1997;91.6344;
1998;91.6185;
1999;84.929;
2000;94.5182;
2001;89.1433;
2002;80.87;
2003;87.0708;
2004;82.3606;
2005;89.5045;
2006;83.594;
2007;84.6794;
2008;88.2058;
2009;86.6197;
2010;86.8727;
2011;86.1276;
2012;84.8523;
2013;83.9231;
2014;83.0615;
2015;84.88;
2016;89.2032;
2017;82.9212;
2018;83.603;
2019;87.0348;
2020;91.5267;
2021;90.05;
2022;81.0867;
2023;84.603;
2024;81.9267;
2025;90.2585;
2026;84.0508;
2027;87.9382;
2028;86.6882;
2029;86.3206;
2030;88.5406;
2031;82.5097;
2032;82.1538;
2033;84.3403;
2034;85.9656;
2035;84.4606;
2036;85.4431;
2037;84.4029;
2038;79.5186;
2039;87.9938;
2040;88.0806;
2041;86.9934;
2042;81.1175;
2043;89.6156;
2044;88.6448;
2045;84.5344;
2046;87.9723;
2047;84.2825;
2048;91.9636;
2049;86.7156;
2050;85.7016;
2051;91.1723;
2052;80.4098;
2053;84.9785;
2054;81.73;
2055;88.7016;
2056;88.7438;
2057;94.5849;
2058;89.6349;
2059;81.1477;
2060;85.1529;
2061;92.9187;
2062;80.0542;
2063;86.3354;
2064;84.3938;
2065;86.1333;
2066;84.1552;
2067;80.3541;
2068;83.6444;
2069;90.2985;
2070;84.282;
2071;87.4222;
2072;87.7686;
2073;87.1415;
2074;82.9492;
2075;80.48;
2076;92.3785;
2077;88.0845;
2078;85.127;
2079;88.8131;
2080;83.35;
2081;87.4765;
2082;87.1206;
2083;81.4455;
2084;94.3147;
2085;85.8377;
2086;87.2145;
2087;90.913;
2088;82.5873;
2089;84.4848;
2090;85.8088;
2091;85.47;
2092;87.9855;
2093;87.3344;
2094;82.1905;
2095;87.606;
2096;83.0381;
2097;92.8095;
2098;89.84;
2099;79.381;
2100;90.2708;
2101;91.6949;
2102;84.4419;
2103;81.5556;
2104;83.2818;
2105;86.9303;
2106;84.273;
2107;85.4033;
2108;79.2885;
2109;84.4645;
2110;83.8625;
2111;83.4603;
2112;88.2277;
2113;84.8954;
2114;86.5067;
2115;83.4825;
2116;82.7365;
2117;87.5469;
2118;81.3313;
2119;82.1333;
2120;87.03;
2121;86.5556;
2122;85.8295;
2123;82.9312;
2124;85.9688;
2125;83.9735;
2126;86.6281;
2127;86.0667;
2128;83.1242;
2129;87.9556;
2130;89.4267;
2131;95.0625;
2132;94.1212;
2133;88.0757;
2134;81.0295;
2135;84.3238;
2136;82.2677;
2137;88.1161;
2138;87.6131;
2139;82.7452;
2140;85.9636;
2141;84.6281;
2142;89.4406;
2143;87.7576;
2144;84.1813;
2145;92.0667;
2146;90.3485;
2147;90.4353;
2148;88.3587;
2149;82.3194;
2150;84.0471;
2151;80.86;
2152;83.7438;
2153;86.5846;
2154;82.5548;
2155;84.5169;
2156;92.175;
2157;91.2413;
2158;87.8344;
2159;84.4067;
2160;81.3156;
2161;82.529;
2162;84.8308;
2163;88.6581;
2164;80.9213;
2165;88.2476;
2166;86.8149;
2167;82.0557;
2168;79.9;
2169;87.3667;
2170;84.1723;
2171;89.5594;
2172;85.6912;
2173;90.1968;
2174;82.0939;
2175;90.873;
2176;80.9968;
2177;84.6613;
2178;86.2627;
2179;89.7111;
2180;86.3169;
2181;84.9508;
2182;90.819;
2183;91.1508;
2184;83.9552;
2185;79.3303;
2186;85.3877;
2187;95.0094;
2188;81.1452;
2189;84.1016;
2190;81.5108;
2191;79.459;
2192;87.0031;
2193;83.4892;
2194;83.5175;
2195;90.0431;
2196;89.5446;
2197;83.0333;
2198;83.3607;
2199;92.2188;
2200;86.873;
2201;83.7645;
2202;92.2484;
2203;84.6095;
2204;83.6848;
2205;84.0698;
2206;86.6824;
2207;86.2295;
2208;84.1094;
2209;87.6121;
2210;82.4875;
2211;82.5902;
2212;86.1634;
2213;82.425;
2214;87.1429;
2215;88.3524;
2216;90.1094;
2217;82.0742;
2218;82.941;
2219;84.2433;
2220;87.8698;
2221;84.1969;
2222;87.2273;
2223;83.72;
2224;84.8092;
2225;79.8656;
2226;82.2349;
2227;85.6067;
2228;85.7493;
2229;89.6286;
2230;91.65;
2231;86.8298;
2232;84.4716;
2233;81.0825;
2234;93.55;
2235;87.0721;
2236;81.3344;
2237;85.1898;
2238;85.1016;
2239;90.5355;
2240;85.0508;
2241;83.2807;
2242;85.1246;
2243;83.8545;
2244;93.1971;
2245;80.6094;
2246;83.6091;
2247;83.64;
2248;83.1871;
2249;90.8686;
2250;85.9433;
2251;90.2471;
2252;90.7094;
2253;85.6156;
2254;91.5471;
2255;90.7613;
2256;87.1067;
2257;82.2375;
2258;90.6;
2259;93.8528;
2260;84.1788;
2261;88.4222;
2262;92.3778;
2263;86.2444;
2264;85.3147;
2265;78.9267;
2266;89.5015;
2267;81.6636;
2268;88.9879;
2269;89.9015;
2270;87.8355;
2271;91.9853;
2272;82.9169;
2273;93.1424;
2274;86.2;
2275;85.6431;
2276;82.2129;
2277;84.5111;
2278;81.854;
2279;88.3938;
2280;85.2636;
2281;88.225;
2282;87.8746;
2283;81.3246;
2284;84.7531;
2285;83.1937;
2286;84.5851;
2287;87.4903;
2288;81.9458;
2289;87.8921;
2290;89.5855;
2291;90.7844;
2292;90.2459;
2293;81.5869;
2294;88.2896;
2295;90.7406;
2296;91.7791;
2297;86.129;
2298;83.7323;
2299;86.32;
2300;87.0031;
2301;87.7119;
2302;91.4364;
2303;96.5731;
2304;82.3048;
2305;85.3871;
2306;91.5524;
2307;80.5533;
2308;85.67;
2309;83.3156;
2310;83.7594;
2311;82.1492;
2312;88.3415;
2313;82.4452;
2314;89.6185;
2315;86.3279;
2316;79.8603;
2317;89.2462;
2318;82.5619;
2319;91.9324;
2320;81.2742;
2321;80.2407;
2322;88.3906;
2323;92.2758;
2324;92.4437;
2325;83.4444;
2326;79.2317;
2327;89.9569;
2328;84.203;
2329;84.809;
2330;89.7969;
2331;82.6867;
2332;83.3767;
2333;87.2603;
2334;85.621;
2335;93.0273;
2336;88.4563;
2337;95.971;
2338;86.0164;
2339;80.1969;
2340;86.8571;
2341;88.3262;
2342;90.825;
2343;87.5015;
2344;91.303;
2345;85.5129;
2346;89.4;
2347;85.6727;
2348;86.15;
2349;86.9841;
2350;86.9212;
2351;85.3102;
2352;86.6156;
2353;89.1281;
2354;95.7049;
2355;86.0698;
2356;80.0603;
2357;90.2333;
2358;83.9015;
2359;91.6097;
2360;83.8091;
2361;83.5355;
2362;81.9;
2363;87.9029;
2364;87.1017;
2365;85.5556;
2366;89.7379;
2367;80.9938;
2368;88.0419;
2369;85.4471;
2370;83.3138;
2371;86.809;
2372;84.3937;
2373;84.471;
2374;87.3433;
2375;85.6698;
2376;90.2618;
2377;89.9508;
2378;82.5667;
2379;84.3746;
2380;80.8967;
2381;83.575;
2382;85.994;
2383;87.5677;
2384;82.8;
2385;88.5492;
2386;82.2431;
2387;85.4781;
2388;86.6441;
2389;84.8032;
2390;82.3032;
2391;89.8806;
2392;90.1492;
2393;85.7524;
2394;91.6635;
2395;89.2;
2396;84.0677;
2397;87.4062;
2398;83.2448;
2399;87.0548;
2400;86.7323;
2401;92.8197;
2402;87.8968;
2403;82.0032;
2404;86.0788;
2405;85.854;
2406;88.1194;
2407;84.3767;
2408;87.7294;
2409;87.9246;
2410;82.3484;
2411;82.5355;
2412;82.1016;
2413;80.2246;
2414;80.6317;
2415;86.2548;
2416;94.0261;
2417;84.9938;
2418;86.654;
2419;88.6058;
2420;83.0387;
2421;83.7323;
2422;86.0613;
2423;82.4774;
2424;85.0831;
2425;81.4719;
2426;82.682;
2427;90.475;
2428;82.4762;
2429;83.6161;
2430;81.1934;
2431;83.1761;
2432;80.3161;
2433;86.7226;
2434;85.6091;
2435;82.6765;
2436;90.3134;
2437;83.3302;
2438;87.4094;
2439;86.4118;
2440;84.7097;
2441;82.7452;
2442;84.1731;
2443;86.6064;
2444;85.1424;
2445;87.7587;
2446;84.8627;
2447;81.9246;
2448;80.4635;
2449;83.6781;
2450;84.4349;
2451;84.7969;
2452;88.8305;
2453;91.4841;
2454;84.5355;
2455;83.7139